run_id,distribution,randtest_samples,randtest_rep_n_bits,byte_chi2,byte_chi2_df,byte_chi2_z,byte_max_rel_dev,trunc_collision_pairs_obs,trunc_collision_pairs_exp,trunc_collision_ratio,trunc_distinct_count,trunc_distinct_frac,bit_ones_frac,bit_runs,bit_runs_expected,bit_runs_z,bit_serial_corr
20260306_124951_437c68e1,uniform,3000,16,240.56,255.0,-0.6394139473599487,0.17866666666666667,56.0,68.64166259765625,0.8158310547960431,2944,0.9813333333333333,0.5004752604166667,384025.0,384000.65305989585,0.055564120964897226,-6.4708194256796e-05
20260306_124951_437c68e1,low_entropy,3000,16,2780.88,255.0,111.8478463544008,0.5413333333333333,17524.0,68.64166259765625,255.29684650439034,256,0.08533333333333333,0.4990690104166667,384737.0,383999.66868489585,1.6827277363148905,-0.0019214400278546619
20260306_124951_437c68e1,medium_mixture,3000,16,1013.0826666666667,255.0,33.56846470349651,0.328,4547.0,68.64166259765625,66.24256796710014,1708,0.5693333333333334,0.4993580729166667,384553.0,384000.3670598958,1.2612092637447987,-0.001440457966768829
