{
  "T": 3000,
  "cd_drop": -0.07969247573875693,
  "cd_first": 0.07818005151859264,
  "cd_last": 0.15787252725734957,
  "cd_nonincreasing_violations": 2,
  "d": 4,
  "dataset_path": "results/rep_packaging/20260306_124952_a564f51d/dataset.npz",
  "k_list": [
    2,
    4,
    8
  ],
  "nll1_first": 0.6262101074067442,
  "nll1_last": 2.0046817349359616,
  "rows": [
    {
      "cd_emp": 0.07818005151859264,
      "k": 2,
      "nll1": 0.6262101074067442,
      "nll2": 0.628357040320665
    },
    {
      "cd_emp": 0.13562393965709152,
      "k": 4,
      "nll1": 1.3071011430851334,
      "nll2": 1.317947860664689
    },
    {
      "cd_emp": 0.15787252725734957,
      "k": 8,
      "nll1": 2.0046817349359616,
      "nll2": 2.8365010720213304
    }
  ]
}